first_name,last_name,age
Jesse,Hudson,56
John,Barber,69
Denise,Mendez,46
Lori,Fernandez,32
Ryan,Brady,60
Megan,Kramer,25
Eric,Arnold,78
Kelly,Carter,38
Carrie,Costa,56
Michael,Hutchinson,75
Michael,Kim,36
Alyssa,Collins,40
Brenda,Ray,28
Angela,Jensen,28
Maureen,Roach,41
Shannon,Berg,70
Sarah,Mckenzie,53
Donald,Santiago,57
Christina,Benson,41
Christopher,Tran,20
Leon,Jones,39
Whitney,Copeland,70
Rebecca,Wong,19
Mark,Santiago,41
Sonya,Lawson,61
Maria,Washington,47
Melissa,Rios,55
Kelly,Lin,19
Sharon,Tucker,77
Caroline,Carroll,38
Emily,Hernandez,50
James,Drake,29
Rachel,Mathews,75
Shawn,Camacho,39
Nicole,Austin,78
Peter,Larson,61
Deborah,Wheeler,42
Timothy,Henderson,66
Natasha,Pugh,44
Emily,Scott,76
Wesley,Salazar,59
Seth,Johnson,45
Julie,Prince,77
Philip,Johnson,33
Whitney,Taylor,32
Margaret,Gordon,79
Elizabeth,Prince,79
Ashley,Lucas,64
Destiny,Gutierrez,79
Scott,Johnson,68
Deborah,Harris,61
Alexander,Cole,72
Charles,Brooks,69
Tamara,Obrien,74
Mark,Poole,20
Christopher,Nguyen,54
William,Hayden,68
Sheri,Evans,24
Kelsey,Vasquez,38
Amanda,Ware,26
Veronica,Leach,56
Cody,Carey,35
Julie,Olsen,21
Stephanie,Collins,42
David,Drake,77
Jessica,Obrien,31
Logan,Welch,67
Keith,Powell,75
Chris,Smith,26
Mark,Cruz,43
Matthew,Pitts,70
Rebecca,Morgan,19
Shane,Weber,37
Eduardo,Johnson,45
Nicholas,Graham,64
Donna,Miles,77
Jenna,Edwards,24
David,Cherry,61
Melinda,Sanchez,78
Rebecca,Santos,25
Tina,Bass,64
Thomas,Pennington,52
Michael,Joseph,31
Brian,Nelson,34
Charles,Daniel,53
William,Jimenez,67
Paul,Mccarty,57
Kenneth,Jenkins,21
Monique,Myers,19
Robert,Brooks,79
Allison,White,23
James,Sutton,71
Monique,Williams,59
Catherine,Saunders,21
Robert,Johnson,71
Cole,Parker,46
Mark,Harvey,35
Kathy,Ferguson,43
Jessica,Grant,61
Benjamin,Gonzalez,51
